
INSERT INTO `ms_project_menu` VALUES (120, 0, '工作台', 'appstore-o', 'home', 'home', ':org', '#', 0, 1, 0, 0, '', 0);
INSERT INTO `ms_project_menu` VALUES (121, 0, '项目管理', 'project', '#', '#', '', '#', 0, 1, 0, 0, '', 1);
INSERT INTO `ms_project_menu` VALUES (122, 121, '项目列表', 'branches', '#', '#', '', '#', 0, 1, 0, 0, '', 1);
INSERT INTO `ms_project_menu` VALUES (124, 0, '系统设置', 'setting', '#', '#', '', '#', 100, 1, 0, 0, '', 1);
INSERT INTO `ms_project_menu` VALUES (125, 124, '成员管理', 'unlock', '#', '#', '', '#', 10, 1, 0, 0, '', 1);
INSERT INTO `ms_project_menu` VALUES (126, 125, '账号列表', '', 'system/account', 'system/account', '', 'project/account/index', 10, 1, 0, 0, '', 1);
INSERT INTO `ms_project_menu` VALUES (127, 122, '我的组织', '', 'organization', 'organization', '', 'project/organization/index', 30, 1, 0, 0, '', 1);
INSERT INTO `ms_project_menu` VALUES (130, 125, '访问授权', '', 'system/account/auth', 'system/account/auth', '', 'project/auth/index', 20, 1, 0, 0, '', 1);
INSERT INTO `ms_project_menu` VALUES (131, 125, '授权页面', '', 'system/account/apply', 'system/account/apply', ':id', 'project/auth/apply', 30, 1, 0, 1, '', 1);
INSERT INTO `ms_project_menu` VALUES (138, 121, '消息提醒', 'info-circle-o', '#', '#', '', '#', 30, 1, 0, 0, '', 1);
INSERT INTO `ms_project_menu` VALUES (139, 138, '站内消息', '', 'notify/notice', 'notify/notice', '', 'project/notify/index', 0, 1, 0, 0, '', 1);
INSERT INTO `ms_project_menu` VALUES (140, 138, '系统公告', '', 'notify/system', 'notify/system', '', 'project/notify/index', 10, 1, 0, 0, '', 1);
INSERT INTO `ms_project_menu` VALUES (143, 124, '系统管理', 'appstore', '#', '#', '', '#', 0, 1, 0, 0, '', 1);
INSERT INTO `ms_project_menu` VALUES (144, 143, '菜单路由', '', 'system/config/menu', 'system/config/menu', '', 'project/menu/menuadd', 0, 1, 0, 0, '', 1);
INSERT INTO `ms_project_menu` VALUES (145, 143, '访问节点', '', 'system/config/node', 'system/config/node', '', 'project/node/save', 0, 1, 0, 0, '', 1);
INSERT INTO `ms_project_menu` VALUES (148, 124, '个人管理', 'user', '#', '#', '', '#', 0, 1, 0, 0, '', 1);
INSERT INTO `ms_project_menu` VALUES (149, 148, '个人设置', '', 'account/setting/base', 'account/setting/base', '', 'project/index/editpersonal', 0, 1, 0, 0, '', 1);
INSERT INTO `ms_project_menu` VALUES (150, 148, '安全设置', '', 'account/setting/security', 'account/setting/security', '', 'project/index/editpersonal', 0, 1, 0, 1, '', 1);
INSERT INTO `ms_project_menu` VALUES (151, 122, '我的项目', '', 'project/list', 'project/list', ':type', 'project/project/index', 0, 1, 0, 0, 'my', 1);
INSERT INTO `ms_project_menu` VALUES (152, 122, '回收站', '', 'project/recycle', 'project/recycle', '', 'project/project/index', 20, 1, 0, 0, '', 1);
INSERT INTO `ms_project_menu` VALUES (153, 121, '项目空间', 'heat-map', 'project/space/task', 'project/space/task', ':code', '#', 20, 1, 0, 1, '', 1);
INSERT INTO `ms_project_menu` VALUES (154, 153, '任务详情', '', 'project/space/task/:code/detail', 'project/space/taskdetail', ':code', 'project/task/read', 0, 1, 0, 1, '', 0);
INSERT INTO `ms_project_menu` VALUES (155, 122, '我的收藏', '', 'project/list', 'project/list', ':type', 'project/project/index', 10, 1, 0, 0, 'collect', 1);
INSERT INTO `ms_project_menu` VALUES (156, 121, '基础设置', 'experiment', '#', '#', '', '#', 0, 1, 0, 0, '', 1);
INSERT INTO `ms_project_menu` VALUES (157, 156, '项目模板', '', 'project/template', 'project/template', '', 'project/project_template/index', 0, 1, 0, 0, '', 1);
INSERT INTO `ms_project_menu` VALUES (158, 156, '项目列表模板', '', 'project/template/taskStages', 'project/template/taskStages', ':code', 'project/task_stages_template/index', 0, 1, 0, 1, '', 0);
INSERT INTO `ms_project_menu` VALUES (159, 122, '已归档项目', '', 'project/archive', 'project/archive', '', 'project/project/index', 10, 1, 0, 0, '', 1);
INSERT INTO `ms_project_menu` VALUES (160, 0, '团队成员', 'team', '#', '#', '', '#', 0, 1, 0, 1, '', 0);
INSERT INTO `ms_project_menu` VALUES (161, 153, '项目概况', '', 'project/space/overview', 'project/space/overview', ':code', 'project/index/info', 20, 1, 0, 1, '', 0);
INSERT INTO `ms_project_menu` VALUES (162, 153, '项目文件', '', 'project/space/files', 'project/space/files', ':code', 'project/index/info', 10, 1, 0, 1, '', 0);
INSERT INTO `ms_project_menu` VALUES (163, 122, '项目分析', '', 'project/analysis', 'project/analysis', '', 'project/index/info', 5, 1, 0, 0, '', 1);
INSERT INTO `ms_project_menu` VALUES (164, 160, '团队成员', '', '#', '#', '', '#', 0, 1, 0, 1, '', 0);
INSERT INTO `ms_project_menu` VALUES (166, 164, '团队成员', '', 'members', 'members', '', 'project/department/index', 0, 1, 0, 1, '', 0);
INSERT INTO `ms_project_menu` VALUES (167, 164, '成员信息', '', 'members/profile', 'members/profile', ':code', 'project/department/read', 0, 1, 0, 1, '', 0);
INSERT INTO `ms_project_menu` VALUES (168, 153, '版本管理', '', 'project/space/features', 'project/space/features', ':code', 'project/index/info', 20, 1, 0, 1, '', 0);

SET FOREIGN_KEY_CHECKS = 1;

INSERT INTO `ms_task_stages_template`(`id`, `name`, `project_template_code`, `create_time`, `sort`) VALUES (61, '待处理', 19, 1670904236057, 1);
INSERT INTO `ms_task_stages_template`(`id`, `name`, `project_template_code`, `create_time`, `sort`) VALUES (62, '进行中', 19, 1670904236057, 0);
INSERT INTO `ms_task_stages_template`(`id`, `name`, `project_template_code`, `create_time`, `sort`) VALUES (63, '已完成', 19, 1670904236057, 0);
INSERT INTO `ms_task_stages_template`(`id`, `name`, `project_template_code`, `create_time`, `sort`) VALUES (65, '协议签订', 13, 1670904236057, 0);
INSERT INTO `ms_task_stages_template`(`id`, `name`, `project_template_code`, `create_time`, `sort`) VALUES (66, '图纸设计', 13, 1670904236057, 0);
INSERT INTO `ms_task_stages_template`(`id`, `name`, `project_template_code`, `create_time`, `sort`) VALUES (67, '评审及打样', 13, 1670904236057, 0);
INSERT INTO `ms_task_stages_template`(`id`, `name`, `project_template_code`, `create_time`, `sort`) VALUES (68, '构件采购', 13, 1670904236057, 0);
INSERT INTO `ms_task_stages_template`(`id`, `name`, `project_template_code`, `create_time`, `sort`) VALUES (69, '制造安装', 13, 1670904236057, 0);
INSERT INTO `ms_task_stages_template`(`id`, `name`, `project_template_code`, `create_time`, `sort`) VALUES (70, '内部检验', 13, 1670904236057, 0);
INSERT INTO `ms_task_stages_template`(`id`, `name`, `project_template_code`, `create_time`, `sort`) VALUES (71, '验收', 13, 1670904236057, 0);
INSERT INTO `ms_task_stages_template`(`id`, `name`, `project_template_code`, `create_time`, `sort`) VALUES (72, '需求收集', 12, 1670904236057, 0);
INSERT INTO `ms_task_stages_template`(`id`, `name`, `project_template_code`, `create_time`, `sort`) VALUES (73, '评估确认', 12, 1670904236057, 0);
INSERT INTO `ms_task_stages_template`(`id`, `name`, `project_template_code`, `create_time`, `sort`) VALUES (74, '需求暂缓', 12, 1670904236057, 0);
INSERT INTO `ms_task_stages_template`(`id`, `name`, `project_template_code`, `create_time`, `sort`) VALUES (75, '研发中', 12, 1670904236057, 0);
INSERT INTO `ms_task_stages_template`(`id`, `name`, `project_template_code`, `create_time`, `sort`) VALUES (76, '内测中', 12, 1670904236057, 0);
INSERT INTO `ms_task_stages_template`(`id`, `name`, `project_template_code`, `create_time`, `sort`) VALUES (77, '通知用户', 12, 1670904236057, 0);
INSERT INTO `ms_task_stages_template`(`id`, `name`, `project_template_code`, `create_time`, `sort`) VALUES (78, '已完成&归档', 12, 1670904236057, 0);
INSERT INTO `ms_task_stages_template`(`id`, `name`, `project_template_code`, `create_time`, `sort`) VALUES (79, '产品计划', 11, 1670904236057, 0);
INSERT INTO `ms_task_stages_template`(`id`, `name`, `project_template_code`, `create_time`, `sort`) VALUES (80, '即将发布', 11, 1670904236057, 0);
INSERT INTO `ms_task_stages_template`(`id`, `name`, `project_template_code`, `create_time`, `sort`) VALUES (81, '测试', 11, 1670904236057, 0);
INSERT INTO `ms_task_stages_template`(`id`, `name`, `project_template_code`, `create_time`, `sort`) VALUES (82, '准备发布', 11, 1670904236057, 0);
INSERT INTO `ms_task_stages_template`(`id`, `name`, `project_template_code`, `create_time`, `sort`) VALUES (83, '发布成功', 11, 1670904236057, 0);

INSERT INTO `ms_project_template`(`id`, `name`, `description`, `sort`, `create_time`, `organization_code`, `cover`, `member_code`, `is_system`) VALUES (11, '产品进展', '适用于互联网产品人员对产品计划、跟进及发布管理', 0, 1670904236057, 17, 'https://gimg2.baidu.com/image_search/src=http%3A%2F%2Fbpic.51yuansu.com%2Fpic3%2Fcover%2F01%2F91%2F92%2F5982adf6c88ea_610.jpg&refer=http%3A%2F%2Fbpic.51yuansu.com&app=2002&size=f9999,10000&q=a80&n=0&g=0n&fmt=auto?sec=1673496114&t=956c5614481fedea97794e161deddb00', NULL, 1);
INSERT INTO `ms_project_template`(`id`, `name`, `description`, `sort`, `create_time`, `organization_code`, `cover`, `member_code`, `is_system`) VALUES (12, '需求管理', '适用于产品部门对需求的收集、评估及反馈管理', 0, 1670904236057, 17, 'https://img0.baidu.com/it/u=437485064,4277010738&fm=253&fmt=auto&app=138&f=JPEG?w=610&h=491', NULL, 1);
INSERT INTO `ms_project_template`(`id`, `name`, `description`, `sort`, `create_time`, `organization_code`, `cover`, `member_code`, `is_system`) VALUES (13, '机械制造', '适用于制造商对图纸设计及制造安装的工作流程管理', 0, 1670904236057, 17, 'https://gimg2.baidu.com/image_search/src=http%3A%2F%2Fbpic.51yuansu.com%2Fpic2%2Fcover%2F00%2F38%2F93%2F5812ca7a24020_610.jpg&refer=http%3A%2F%2Fbpic.51yuansu.com&app=2002&size=f9999,10000&q=a80&n=0&g=0n&fmt=auto?sec=1673496114&t=6d03fb91b230058fc43f1b7ae00f73e3', NULL, 1);
INSERT INTO `ms_project_template`(`id`, `name`, `description`, `sort`, `create_time`, `organization_code`, `cover`, `member_code`, `is_system`) VALUES (19, 'OKR 管理', '适用于团队的 OKR 管理', 0, 1670904236057, 17, 'https://img2.baidu.com/it/u=2241642503,1613686234&fm=253&fmt=auto&app=138&f=JPEG?w=603&h=500', 1015, 0);
